login, location, followers, contributions, stars, contributionsStreak, contributionsCurrentStreak
azawawi,Amman,,,,,
OmarIthawi,Amman,,,,,
amireh,Amman,,,,,
ahmedaljazzar,Amman,,,,,
mamod,Amman,,,,,
tillawy,Amman,,,,,
Tanjoodo,Amman,,,,,
yabasha,Amman,2,133,2,6,0
abutouq,Amman,,,,,
mahasneh,Amman,,,,,
mohdmuthanna,Amman,,,,,
luaybs,Amman,,,,,
devalih,Amman,,,,,
mirageisme,Amman Jordan,1,74,0,3,0
ibrahimalbarghouthi,amman,3,66,0,2,0
Mo-chan,Amman,,,,,
alsamhou,Amman/JORDAN,1,58,0,2,0
KhaledElAnsari,Amman/Jordan,5,54,0,3,0
ahabeb,Amman,,,,,
moerabaya,Amman,,,,,
ismaeelsameed,Jordan - Amman,2,46,7,2,0
Sh3rawi,Amman,,,,,
jylinman,Amman,,,,,
mjalajel,Amman,,,,,
yazd,Amman,,,,,
AhmadAborob,Amman,,,,,
ahmad-n-halah,jordan/amman,4,37,1,2,0
aqabawe,Amman - Jordan,10,35,1,2,0
jehad-suliman,Jordan,,,,,
mrifat,Amman,,,,,
Natshah,Amman,,,,,
ahmadjd94,amman ,,,,,
anasnakawa,Amman,,,,,
AaoIi,Amman,,,,,
zerodev,Amman,2,27,50,5,0
osamadeinat,Amman,,,,,
laythm,Jordan,,,,,
talalmajali,Jordan - Amman,2,25,0,3,0
jodevsa,Amman,,,,,
ywadi,Amman,,,,,
mohammad-php,Jordan - Amman,0,22,1,1,0
firasalkafri,Amman,,,,,
emadzedan80,Amman,,,,,
faris-mobile89,Amman-Jordan,0,20,1,2,0
Qaissaif,Amman,2,19,0,3,0
XZzYassin,Amman,,,,,
ashemery,Amman / Jordan,11,17,14,2,0
mohammad19991,Amman,,,,,
medosalahat,jordan - amman,1,16,0,2,0
bilalsammour,Amman,,,,,
omargammoh,Amman,0,16,1,2,0
MohammadAbuQwider,Amman,0,16,0,1,0
Evilopeth,Amman ,,,,,
BlackBurn95,Amman,,,,,
AbdullahFaqeir,Amman,,,,,
alaabadran,Amman,,,,,
tjoudeh,Jordan-Amman,331,12,1620,1,0
ddevelhanter,Jordan-Amman,0,12,1,2,0
ayaman,Amman,,,,,
HussamQaza,amman-jordan,0,12,2,1,0
Fatimarouqa,Amman,0,11,0,1,0
max2u,Amman - Jordan,0,11,0,2,0
hanialshater,Amman,,,,,
ykashou92,Amman,,,,,
aubada-taljo,Amman,,,,,
ahmedjolani,Amman,,,,,
GhalibGhniem,Jordan,,,,,
wmhameed,Amman,,,,,
Madridii,Amman,,,,,
mshaaban0,Amman,,,,,
AtmaLab,Amman  - Jordan,0,9,0,1,0
msjaber,Amman,,,,,
mohammedamarnah,Amman,,,,,
OsamaJBR,Jordan,,,,,
josephwasily,Amman,,,,,
osamaalb,Amman,,,,,
sqawasmi,Amman,,,,,
mahdihijazi,Jordan,,,,,
SaeedW,Amman - Jordan,0,7,0,1,0
majedev,Amman,,,,,
shadinamrouti,Amman,,,,,
abulyomon,Amman,,,,,
aburakab,Amman,,,,,
dwairi,Amman,,,,,
a7madwaseem,Amman,,,,,
omarzonex,AMMAN,0,6,0,1,0
MahmoudAlnouno,jordan-Amman,0,6,1,1,0
ishraqabd,Amman,,,,,
MohammadTYounis,Amman,0,6,0,2,0
mqanneh,Amman,,,,,
smokinpuppy,Amman,,,,,
YazanRawashdeh,Amman - Jordan,11,5,0,3,0
AliEtoom,Jordan - Amman,1,5,0,1,0
motasem13hamad,Amman-Jordan,0,4,1,1,0
dtayeh,Amman,,,,,
mohammadjolani,Amman - Jordan,7,4,1,1,0
zaiderikat,Amman,,,,,
ahmedmabutaha,Jordan,,,,,
mghabboun,Amman,,,,,
fatfooot,Jordan,,,,,
qusai87,Amman,,,,,
mohammad92,Amman-Jordan,9,4,4,1,0
mohanadHamed,Amman - Jordan,0,3,0,2,0
yazeed,Amman,,,,,
anas-taji,Amman - Jordan,2,3,3,1,0
moerazem,Amman,1,3,0,1,0
YusufQ,Amman,,,,,
phptalk,amman jordan,6,3,1,1,0
maabed,Jordan,,,,,
ghatasheh,Amman,,,,,
hazem-tamimi,Amman,,,,,
aliaou,Amman,1,2,0,1,0
habdelhalim,Amman,,,,,
staii,Amman,,,,,
odaialsughier,Amman,0,2,0,1,0
OmarZeidan,Amman-Jordan,0,2,0,1,0
DevTareq,Amman,,,,,
pcnetsoft-projects,Jordan,,,,,
kgharaibeh,Amman,,,,,
DeadPing,Amman,,,,,
mohannadkhirallah,Jorddan-Amman,0,2,0,1,0
m7ammad88nimer,Amman,,,,,
asalem,Amman,1,2,1,1,0
msalahat,Amman,,,,,
NibrasIO,Amman,,,,,
Amr-alshroof,Jordan-Amman,3,2,0,1,0
rallahaseh,Amman,,,,,
OmarAtta,Amman - Jordan,0,1,0,1,0
yamart,Amman - Jordan,0,1,0,1,0
ahmadaltayeb,AMMAN ,,,,,
osamehz,Jordan,,,,,
badran87,amman jordan,0,1,0,1,0
amjad-Alhusseini,Amman,,,,,
mantaska79,Amman-Airports Street,0,1,0,1,0
WWGate,Amman,,,,,
aeltyif,Amman - Jordan,0,1,0,1,0
basheeralhader,Jordan-Amman,0,1,0,1,0
vardot-devops,Amman,,,,,
f10i,Amman,,,,,
saedyousef,Amman,,,,,
KMidani,amman,4,1,2,1,0
husam212,Amman,,,,,
abedzoubi26,Amman,,,,,
n0ur,Munich,,,,,
amah3r,Amman,,,,,
dev3k,Amman,,,,,
maenabbasi,Amman,,,,,
JamilHijjawi,Amman,,,,,
maljub01,Amman,,,,,
RJiryes,Amman,,,,,
mohanad-obaid,Amman,0,1,0,1,0
AlQurashi,Amman,,,,,
3adel,Amman-Jordan,3,1,2,1,0
chechnyan,Amman-Jordan,3,1,13,1,0
faroukmhammad,Jordan-amman,0,1,0,1,0
